oru	unk
ee	unk
pole	unk
ithu	unk
ith	unk
aa	unk
k	unk
enn	unk
ente	unk
e	unk
sir	unk
il	unk
und	unk
m	unk
u	unk
nte	unk
onnu	unk
ini	unk
vendi	unk
vannu	unk
aano	unk
s	unk
on	unk
um	unk
ullu	unk
ne	unk
kond	unk
ano	unk
da	unk
ivde	unk
pls	unk
njn	unk
mone	unk
jai	unk
yude	unk
polum	unk
peru	unk
oke	unk
nu	unk
undu	unk
ennoru	unk
enik	unk
enth	unk
cr	unk
eth	unk
ithil	unk
ayi	unk
chila	unk
annu	unk
aan	unk
fdfs	unk
ippo	unk
r	unk
ann	unk
le	unk
t	unk
onn	unk
vare	unk
ka	unk
nee	unk
be	unk
enta	unk
eni	unk
ah	unk
ore	unk
d	unk
daa	unk
v	unk
o	unk
ninte	unk
n	unk
h	unk
oh	unk
f	unk
aya	unk
b	unk

okke	unk
enna	unk
undo	unk
ethu	unk
athu	unk
kondu	unk
kand	unk
ningal	unk
entho	unk
aanenn	unk
enne	unk
enthu	unk
eniku	unk
iam	unk
y	unk
ki	unk
itu	unk
hein	unk
entha	unk
en	unk
c	unk
kku	unk
nammade	unk
ingal	unk
g	unk
avane	unk
athum	unk
ath	unk
p	unk
ye	unk
ku	unk
ethe	unk
enthina	unk
na	unk
la	unk
kya	unk
hu	unk
hai	unk
atra	unk
oo	unk
innu	unk
ninn	unk
iyum	unk
ithe	unk
anenn	unk
anel	unk
idh	unk
evan	unk
etha	unk
kk	unk
jo	unk
te	unk
ll	unk
ko	unk
mt	unk
ill	unk
r	unk
im	unk
avn	unk
undakum	unk
tta	unk
ningale	unk
tp	unk
onm	unk
nd	unk
lo	unk
